ID,用户名,头像
26044585,zhaolusi,https://pic.3gbizhi.com/uploadmark/20240321/e0426d1651ec542fd8b0b58bca58ac69.jpg
26044586,七十一,https://pic.3gbizhi.com/uploads/20240105/9d405b9d8437c48b063737baada1ad6d.jpg
26044125,Jennah,https://pic.3gbizhi.com/uploads/20231120/f2c9ade787517e96fbb011b6ab03a2f4.jpg
26041285,你的老杨,https://pic.3gbizhi.com/uploads/20230910/1a8a1b111038e81271bda148ce219847.jpg
26042185,尺尺寸,https://pic.3gbizhi.com/uploads/20240105/9d405b9d8437c48b063737baada1ad6d.jpg
26256885,爱起床的小灰灰,https://pic.3gbizhi.com/uploads/20231030/fb2866c603ddbb4682d6084e0f36367f.jpg
26011285,海贼玩泡泡,https://pic.3gbizhi.com/uploads/20220916/4cfc61735b9eb8b722837a128bf8dfb7.png
21589485,稀奇,https://pic.3gbizhi.com/uploads/20200914/b481135e9038d8666de7a97fa616ac87.jpeg
26041565,奥利给,https://pic.3gbizhi.com/uploads/20230423/e654a0876a471fd64c4311ef6d264d53.png
26012585,唱歌,https://pic.3gbizhi.com/uploads/20240401/faa435b9613e5f258ac7f45ba94e9404.jpg
12044585,跳舞,https://pic.3gbizhi.com/uploads/20240401/4eed148068717c4df0fbc846afd1ca2c.jpg
26124585,rap,https://pic.3gbizhi.com/uploads/20240321/8e9faa422832851ceb540310695ba2d9.jpg
21563485,篮球,https://pic.3gbizhi.com/uploads/20240401/cd5c121d80c5ea1b4427987239f33eb4.jpg